{"cameraMode":{"drawMode":0,"name":"Shaded","section":"Shading Mode"},"sceneLighting":false,"audioPlay":false,"sceneViewState":{"m_AlwaysRefresh":false,"showFog":true,"showSkybox":false,"showFlares":true,"showImageEffects":true,"showParticleSystems":true,"showVisualEffectGraphs":true,"m_FxEnabled":true},"in2DMode":false,"pivot":{"x":-0.1399875283241272,"y":0.3312932848930359,"z":-1.0764070749282838},"rotation":{"x":0.3708931803703308,"y":-0.043160684406757358,"z":0.0172580499202013,"w":0.9275243878364563},"size":1.9540022611618043,"orthographic":false}