{"cameraMode":{"drawMode":0,"name":"Shaded","section":"Shading Mode"},"sceneLighting":false,"audioPlay":false,"sceneViewState":{"m_AlwaysRefresh":false,"showFog":true,"showSkybox":false,"showFlares":true,"showImageEffects":true,"showParticleSystems":true,"showVisualEffectGraphs":true,"m_FxEnabled":true},"in2DMode":false,"pivot":{"x":-41.13325881958008,"y":4.9645514488220219,"z":10.109009742736817},"rotation":{"x":-0.006016530096530914,"y":0.9937812089920044,"z":-0.08818010985851288,"w":-0.06778352707624436},"size":0.9572442173957825,"orthographic":false}