{"cameraMode":{"drawMode":0,"name":"Shaded","section":"Shading Mode"},"sceneLighting":false,"audioPlay":false,"sceneViewState":{"m_AlwaysRefresh":false,"showFog":true,"showSkybox":false,"showFlares":true,"showImageEffects":true,"showParticleSystems":true,"showVisualEffectGraphs":true,"m_FxEnabled":true},"in2DMode":false,"pivot":{"x":-0.4247533679008484,"y":-0.7598717212677002,"z":1.0488002300262452},"rotation":{"x":0.2723754942417145,"y":-0.16070663928985597,"z":0.046178169548511508,"w":0.947562038898468},"size":0.8660253882408142,"orthographic":false}